lat,lon,amenity,cuisine,fvst:navnelbnr,name,opening_hours,phone,website,wheelchair,payment:credit_cards,toilets,fvst:name,facebook,outdoor_seating,takeaway,dinner,lunch,reservation,capacity,note,opening_hours:kitchen,alt_name,fvst:fixme,url,opening_hours:seating,branch,drive_through,brewery,internet_access,check_date,ref:DK:cvr,ref:DK:cvr:pnummer,wikidata,min_age,description,sport,toilets:wheelchair,smoking,access:covid19,operator,email,award:michelin,delivery,wikipedia,changing_table,diet:vegan,diet:vegetarian,internet_access:fee,contact:facebook,contact:instagram,drink:beer,contact:email,stars,opening_hours:bar,name:es,brand,diet:halal,diet:meat,diet:organic,name:en,shop,drink:wine,fixme,internet_access:ssid,cocktails,breakfast,level,payment:cash,payment:contactless,bar,opening_hours:signed,seasonal,access
55.6697106,12.5547131,restaurant,japanese,114786,Sticks'n'Sushi,Fr-Sa 10:00-24:00; Su-Th 10:00-23:00,+45 33237304,http://www.sushi.dk/restauranter/vesterbro.html,,,,,,,,,,,,,,,,,,,,,,,,,,,,,,,,,,,,,,,,,,,,,,,,,,,,,,,,,,,,,,,,,
55.6820495,12.5222385,school,,,Frederiksberg Tekniske Skole,,,,,,,,,,,,,,,,,,,,,,,,,,,,,,,,,,,,,,,,,,,,,,,,,,,,,,,,,,,,,,,,,,,,
55.6856353,12.5376527,restaurant,north_vietnamese,115050,Viet Nam Nam,16:00-23:00,,http://www.viet-namnam.dk/,no,,,,,,,,,,,,,,,,,,,,,,,,,,,,,,,,,,,,,,,,,,,,,,,,,,,,,,,,,,,,,,,,
55.6786581,12.5325728,bar,,719930,The Old Irish Pub,,+45 5189 7713,https://oldirishpub.dk/,yes,yes,yes,,,,,,,,,,,,,,,,,,,,,,,,,,,,,,,,,,,,,,,,,,,,,,,,,,,,,,,,,,,,,,
55.690498,12.5441844,restaurant,turkish,734564,Safir Kebab,Mo-Fr 11:00-24:00; Sa-Su 12:00-24:00,+45 35343470,,limited,,,Safir House,,,,,,,,,,,,,,,,,,,,,,,,,,,,,,,,,,,,,,,,,,,,,,,,,,,,,,,,,,,,,
55.6732568,12.5452292,restaurant,mexican,118114,La Fiesta Mexicana,17:00-01:00,+45 33217750,https://www.lafiestamexicana.dk/,no,yes,yes,,https://www.facebook.com/pages/La-Fiesta-Mexicana/132926343435134,yes,yes,,,,,,,,,,,,,,,,,,,,,,,,,,,,,,,,,,,,,,,,,,,,,,,,,,,,,,,,,,
55.680632,12.5337297,restaurant,italian,115923,La Vecchia Gastronomia Italiana,12:00-23:00,+45 38119333,http://www.lavecchia.dk/,no,,,,,,yes,,,,,,,,,,,,,,,,,,,,,,,,,,,,,,,,,,,,,,,,,,,,,,,,,,,,,,,,,,
55.6843632,12.5515978,restaurant,greek,112075,Akropolis,"Mo,Th,Sa 16:00-01:00, Sa-Su 16:00-05:00",,http://www.restaurant-akropolis.dk/,,,,,,,,,,,,,,,,,,,,,,,,,,,,,,,,,,,,,,,,,,,,,,,,,,,,,,,,,,,,,,,,,
55.6841005,12.5514227,restaurant,sushi,117073,Nyu Sakura,12:00-22:00,+45 3536 5757,https://www.nyu-sakura.dk/,,,,SAKURA,,,yes,,,,,,,,,,,,,,,,,,,,,,,,,,,,,,,,,,,,,,,,,,,,,,,,,,,,,,,,,,
55.6819882,12.5543323,restaurant,danish,130223,Radio,"Tu-Sa 17:30-24:00; Fr-Sa 12:00-15:00,17:30-24:00",+45 25102733,https://restaurantradio.dk/,,,,,,,,,,,,,,,,,,,,,,,,,,,,,,,,,,,,,,,,,,,,,,,,,,,,,,,,,,,,,,,,,
55.6759943,12.5329286,restaurant,danish,114963,Allegade 10,10:00-22:00,+45 33311751,http://www.allegade10.dk/,yes,yes,yes,,,yes,,yes,yes,yes,,,,,,,,,,,,,,,,,,,,,,,,,,,,,,,,,,,,,,,,,,,,,,,,,,,,,,,
55.6844488,12.5541773,restaurant,tapas,559394,Temporada Tapasbodega,We-Sa 15:00-23:00,+45 35351515,https://www.tapas-bar.dk/,,,,,,,,,,,25,"There has been several restaurants at the address, Visent, Da Mario, and others.",,,,,,,,,,,,,,,,,,,,,,,,,,,,,,,,,,,,,,,,,,,,,,,,,,,,,
55.6934573,12.547615,restaurant,greek,116773,Kreta,16:00-24:00,,,,,,Kreta Græsk Taverna,,,,,,,,,16:00-22:00,,,,,,,,,,,,,,,,,,,,,,,,,,,,,,,,,,,,,,,,,,,,,,,,,,,,
55.6711195,12.5457687,restaurant,regional;smørrebrød,119339,Restaurant Klubben,11:00-23:00,+45 33314015,http://www.restaurant-klubben.dk/,,yes,yes,,https://www.facebook.com/pages/Restaurant-Klubben/132235606835821,yes,,yes,,yes,,,,Tove Ditlevsens Mindehave,,,,,,,,,,,,,,,,,,,,,,,,,,,,,,,,,,,,,,,,,,,,,,,,,,,
55.6670575,12.5253346,restaurant,,561031,Bjælkehuset,Apr 1-Dec 20 11:00-17:00,+45 36303596,https://www.bjaelke-huset.dk/,,,,,,yes,,,,,,,,,missing position,,,,,,,,,,,,,,,,,,,,,,,,,,,,,,,,,,,,,,,,,,,,,,,,,,
55.6828139,12.5303254,school,,,Skolen på Nyelandsvej,,,,limited,,,,,,,,,,,,,,,http://www.frb-ny.skoleintra.dk/,,,,,,,,,,,,,,,,,,,,,,,,,,,,,,,,,,,,,,,,,,,,,,,,,
55.6742769,12.5503465,restaurant,,118502,Famo 51,Mo-Sa 18:00-22:00,+45 33222250,http://www.famo.dk/,no,,,Carne Famo,,,,,,,,Opening hours are for last seating,,Famo Carne,,,,,,,,,,,,,,,,,,,,,,,,,,,,,,,,,,,,,,,,,,,,,,,,,,,
55.6723741,12.5506713,restaurant,italian,115373,Famo,Mo-Su 18:00+,+45 33232250,http://www.famo.dk/,no,,,,,,,,,,,,,,,,Mo-Su 18:00-22:00,,,,,,,,,,,,,,,,,,,,,,,,,,,,,,,,,,,,,,,,,,,,,,,,
55.6692157,12.5530946,restaurant,tacos,806337,La Neta Vesterbro,"Mo-Fr 17:00-21:00; Sa,Su 12:00-21:00",+45 31 26 79 18,https://mikkeller.com/locations/la-neta-vesterbro,no,,,,,,,,,,,,,,,,,Vesterbro,no,,,,,,,,,,,,,,,,,,,,,,,,,,,,,,,,,,,,,,,,,,,,,,
55.6660465,12.5535148,bar,,712621,Cafe 33,,+4533319019,https://cafe33.dk,,,,,https://www.facebook.com/cafe33b/,yes,,,,,,,,,fvst:no_pos,,,,,Tuborg;Carlsberg,wlan,,,,,,,,,,,,,,,,,,,,,,,,,,,,,,,,,,,,,,,,,,,,
55.6672208,12.553453,bar,,992119,Café 42,,+45 33316066,https://bar42.dk/,,,,,,,,,,,,,,,,,,Vesterbro,,,,2021-08-03,41627581,1026200292,,,,,,,,,,,,,,,,,,,,,,,,,,,,,,,,,,,,,,,,,
55.6682661,12.5497023,bar,,112695,Vesterbro Vinstue,,+45 33251080,http://vesterbrovinstue.dk/,,,,,,,,,,,,,,,,,,,,,,,,,,,,,,,,,,,,,,,,,,,,,,,,,,,,,,,,,,,,,,,,,
55.6692729,12.5496981,bar,,117982,Riesen,,,,no,,,,,,,,,,,,,Riesen Bar,,,,,,,,,27931294,,,,,,,,,,,,,,,,,,,,,,,,,,,,,,,,,,,,,,,,,,
55.6864665,12.5500587,bar,,577983,Tjili Pop 2,"Su,Mo 09:00-01:00, Tu,We 09:00-02:00, Th 09:00-03:00, Fr,Sa 09:00-04:00",,https://www.tjili.dk/,no,,,,,,,,,,,,,,,,,,,,,,,,Q18552345,,,,,,,,,,,,,,,,,,,,,,,,,,,,,,,,,,,,,,,,
55.6870129,12.5479826,bar,,761368,gilt,,,,limited,,,,,no,,,,,,Cocktail bar,,,,,,,,no,,,,,,18,,,,,,,,,,,,,,,,,,,,,,,,,,,,,,,,,,,,,,,
55.6854535,12.5522738,restaurant,italian,116799,Scarpetta,17:30-24:00,+45 35350808,http://cofoco.dk/da/restauranter/scarpetta-rantzausgade/,,,,,,,,,,,,,,,,,,,,,,,,,,,,,,,,,,,,,,,,,,,,,,,,,,,,,,,,,,,,,,,,,
55.6737032,12.550029,restaurant,french,115293,Les trois cochons,"Mo-Sa 12:00-14:30,17:30-24:00; Su 17:30-24:00",+45 33317055,https://cofoco.dk/,no,,,,,,,,,,,,,,,,,,,,,,,,,,,,,,,,,,,,,,,,,,,,,,,,,,,,,,,,,,,,,,,,
55.6709507,12.5436884,bar,,699132,Café Ludwigsen,"mo-we 14:00-02:00,th-sa 14:00-05:00,su 14:00-02:00",+45 33237720,http://www.cafeludwigsen.dk/,no,yes,yes,,https://www.facebook.com/cafeludwigsen/,yes,,,,,,,,,,,,,,,,,,,,,"Vesterbros hyggeligste bar med livesport på storskærme, pool, dart, bordfodbold, plus en lækker menu bestående af diverse cocktails, special øl og shots...
Åben alle dage!",table_soccer,no,,,,,,,,,,,,,,,,,,,,,,,,,,,,,,,,,,,,
55.6654768,12.5388859,bar,,794011,Cafe Bryggeriet,,,,no,,,,,,,,,,,,,,,,,,,,,,40108173,1024242036,,,,,,,,,,,,,,,,,,,,,,,,,,,,,,,,,,,,,,,,,
55.6690764,12.5500661,bar,,712408,Det Lille Øresund,,,,no,,,,,,,,,,,,,Bodega Det lille Øresund,,,,,,,,,33665253,,,,,,,yes,,,,,,,,,,,,,,,,,,,,,,,,,,,,,,,,,,,
55.6673995,12.5477341,bar,,,Stempel Bar & Kitchen,,+45 3321 2767,https://www.stempelcph.dk/,,yes,yes,,https://m.facebook.com/stempelcph/,yes,,,,,,,,,,,,,,,,2020-12-16,,,,,,,,,no,,,,,,,,,,,,,,,,,,,,,,,,,,,,,,,,,,
55.6739171,12.5496938,school,,,Prins Henriks Skole,,,,,,,,,,,,,,,,,,,,,,,,,,,,,,,,,,,,,,,,,,,,,,,,,,,,,,,,,,,,,,,,,,,,
55.6928738,12.551605,restaurant,surf&turf,125199,Oysters & Grill,Mo-Th 17:30-21:30; Fr-Sa 17:30-22:00; Su 17:30-21:15,+45 70206171,https://cofoco.dk/da/restauranter/oysters-and-grill/,no,,,Oyster & Grill,,,,,,,,Opening hours are for last seating,,,,,,,,,,,,,,,,,,,,CoFoCo,,,,,,,,,,,,,,,,,,,,,,,,,,,,,,,,,
55.6727576,12.5521715,restaurant,italian,122314,Spuntino,Mo-Sa 17:30-24:00,+4570205089,https://cofoco.dk/en/restaurants/spuntino/,no,,,,,,,,,,,,,,,,,,,,,,,,,,,,,,,,spuntino@cofoco.dk,,,,,,,,,,,,,,,,,,,,,,,,,,,,,,,,
55.6757981,12.5426451,restaurant,french,116096,Mêlée,tu-sa 17:30-24:00,+4535131134,http://www.melee.dk,,yes,yes,,https://www.facebook.com/RestaurantMelee/,yes,,yes,,yes,,,Tu-Sa 17:30-24:00,,,,,,,,,,,,,,,,,,,,mail@melee.dk,bib_gourmand,,,,,,,,,,,,,,,,,,,,,,,,,,,,,,,
55.6709733,12.5314567,restaurant,sushi,117716,Fuji Sushi,14:00-23:00,+45 78784747,https://www.fujisushi.dk/,no,yes,yes,,,,yes,yes,,yes,,,,,,,,,,,,,,,,,,,,,,,,,yes,,,,,,,,,,,,,,,,,,,,,,,,,,,,,,
55.6726005,12.5313911,restaurant,danish,115954,Hansens Gamle Familiehave,"Jan-Feb We-Sa 11:00-24:00,Su 11:00-18:00; Mar Tu-Sa 11:00-24:00,Su 11:00-18:00; Apr-Sep 11:00-24:00; Oct 1-Nov 11 Tu-Sa 11:00-24:00,Su 11:00-18:00; Nov 12-Dec 22 Mo-Sa 11:00-24:00",+45 36309257,https://www.hansenshave.dk/,yes,yes,yes,,,yes,,yes,yes,yes,,,"Jan-Feb We-Sa 11:00-21:30,Su 11:00-16:30; Mar Tu-Sa 11:00-21:30,Su 11:00-16:30; Apr-Sep 11:00-21:30; Oct 1-Nov 11 Tu-Sa 11:00-21:30,Su 11:00-16:30; Nov 12-Dec 22 Mo-Sa 11:00-21:30",,,,,,,,,,,,Q12315604,,,,,,,,,,,,,,,,,,,,,,,,,,,,,,,,,,,,,,,,
55.6711876,12.5306595,restaurant,danish,118671,Krøgers Familiehave,Ma-Sa 11:30-21:00; Su 11:30-19:00,+45 36450897,https://www.kroegershave.dk/,yes,yes,yes,,,yes,,yes,yes,yes,200,,,,,,,,,,,,,,,,,,,,,,,,,,,,,,,,,,,,,,,,,,,,,,,,,,,,,,
55.6714583,12.530748,restaurant,danish,118336,M.G. Petersens Familiehave,"Mar 24-Sep 13 12:00-19:00; May-Sep 11:00-23:00; easter-3days-easter+1days 11:00-19:00 ""(season approximate)""",+45 36161133,http://www.petersensfamiliehave.dk/,yes,yes,yes,M. G. Petersens gamle Familiehave,,yes,yes,yes,yes,yes,,,,,,,,,,,,,,,,,,,,,,,,,yes,,,,,,,,,,,,,,,,,,,,,,,,,,,,,,
55.6718932,12.5251621,school,,,Frederiksberg Slot - Hærens Officersskole,,,,,,,,,,,,,,,,,,,,,,,,,,,,Q3378377,,,,,,,,,,,da:Hærens Officersskole,,,,,,,,,,,,,,,,,,,,,,,,,,,,,
55.693679,12.5427877,bar,,118574,Terroiristen,Tu-Th 12:00-18:00; Fr 12:00-19:00; Sa 11:00-18:00,,https://www.terroiristen.dk/,no,,,,,,,,,,,,,Terroiristen vinbar,,,,,,,,,,,,,,,,,,,,,,,,,,,,,,,,,,,,,,,,,,,,,,,,,,,
55.6936028,12.5428999,restaurant,regional,130793,Grød,Mo-Fr 07:30-21:00; Sa-Su 09:00-21:00,+45 50585579,https://groed.com/,no,,,,,yes,yes,,,,,,,,,,,,,,wlan,,,,,,,,,,,,,,,,no,yes,yes,no,,,,,,,,,,,,,,,,,,,,,,,,,
55.6779885,12.521605,school,,,CBS - Handelshøjskolen,,,,,,,,,,,,,,,,,,,,,,,,,,,,,,,,,,,,,,,,,,,,,,,,,,,,,,,,,,,,,,,,,,,,
55.6874043,12.5467207,restaurant,vietnamese,115811,Nha Trang,Mo-Su 17:00-22:00,+45 32161888,http://www.nhatrang.dk/,no,,,,,,yes,,,,,,,,,,,,,,,,,,,,,,,,,,,,,,,yes,yes,,,,,,,,,,,,,,,,,,,,,,,,,,
55.6859481,12.5523945,bar,,509492,Dupong,,,,,,,,,no,,,,,,,,,,,,,,,,,,,,,,,,no,,,,,,,,,,,,,,,,,,,,,,,,,,,,,,,,,,,
55.6858796,12.5523207,bar,,505533,Ølsnedkeren,"Mo-We 14:00-24:00, Th-Sa 14:00-02:00",,https://olsnedkeren.dk/,limited,,,,,no,,,,,,,,Ølsnedkernes Klub Bar,,,,,,,,,33276249,1016491892,,18,,,,,,,baren@olsnedkeren.dk,,,,,,,,https://www.facebook.com/olsnedkeren/,https://www.instagram.com/olsnedkeren/,served,,,,,,,,,,,,,,,,,,,,,,
55.6744834,12.5512432,bar,,111881,Amigo Bar,,+45 3321 4915,,,,,,,,,,,,,,,,,,,,,,,,,,,,,,,yes,,,amigobar@os.dk,,,,,,,,,,,,,,,,,,,,,,,,,,,,,,,,
55.6747014,12.5309092,restaurant,gourmet,117025,Mielcke & Hurtigkarl,"Tu-Sa ""evenings""",+45 38 34 84 36,http://www.mhcph.com/,,,yes,,,yes,,yes,yes,yes,,,,,lat missing in FVST,,,,,,,,,,,,,,,,,,,,,,,,,,,,,info@mhcph.com,,,,,,,,,,,,,,,,,,,,,
55.6812097,12.5493551,restaurant,,554569,Kitchenette,Mo-We 11:00-22:00; Th-Sa 10:00-24:00; Su 10:00-18:00,+45 32212323,https://kitchenette.dk/,,,,MC COMPANY,,yes,,,,,60,,,,,,,,,,,,,,,,,,,,,,,,,,,,,,,,,,,,,,,,,,,,,,,,,,,,,,
55.670698,12.5355288,restaurant,scandinavian,112268,Formel B,Mo-Th 17:30-24:00; Fr-Sa 17:30-01:00,+45 33251066,https://formelb.dk/,no,yes,,,https://www.facebook.com/restformelb/,,,,,yes,,,,,,,,,,,wlan,,,,Q12312001,,,,,,,,info@formel-b.dk,1,,,,,,,,,,,1,,,,,,,,,,,,,,,,,,,,
55.6705722,12.5421135,restaurant,indian;pakistani;pizza,118882,Colombia Pizza & Restaurant,"Su-Th 12:00-23:00; Fr,Sa 12:00-24:00",+45 3323 1202,,no,,,Colombia Pizza Restaurant,,,yes,,,,,,,,,,,,,,,,,,,,,,,,,,,,,,,no,yes,,,,,,,,,,,,,,,,,,,,,,,,,,
55.6706559,12.5319708,restaurant,italian,116852,Enomania,"tu-th 17:30-24:00; th-fr 12:00-15:00,17:30-24:00,ph off; week 42 off",+4533236080,http://www.enomania.dk/,no,yes,yes,,https://www.facebook.com/pages/Enomania/127444930651746,,,,,yes,,,,,,,,,,,,,,,,,,,,,,,mail@enomania.dk,bib_gourmand,,,,,,,,,,,,,,,,,,,,,,,,,,,,,,,
55.6703822,12.5353469,restaurant,sushi,647137,Omakase,16:00-21:00,+45 33234044,https://www.omakase.dk/,,,,,,,,,,,,,,,,,,,,,,,,,,,,,,,,,,,,,,,,,,,,,,,,,,,,,,,,,,,,,,,,,
55.6791194,12.5251614,restaurant,international,760767,Frederiks Have,"Mo-Sa 12:00-14:30+,17:30-21:30+",+45 38883335,http://frederikshave.dk/en/,,,,,,,,,,,,,,,,,,,,,,,,,,,,,,,,,,,,,,,,,,,,,,,,,,,,,,,,,,,,,,,,,
55.67991,12.52178,bar,,763354,Café6'eren,,,,,,,Café Sekseren (Café 6eren),,,,,,,,,,Café Sekseren,,,,,,,,,39780097,,,,,,,yes,,,,,,,,,,,,,,,,,,,,,,,,,,,,,,,,,,,
55.6683,12.54556,school,,,Engskolen,,,,,,,,,,,,,,,,,,,,,,,,,,,,,,,,,,,,,,,,,,,,,,,,,,,,,,,,,,,,,,,,,,,,
55.6740948,12.5499759,bar,,119665,Falernum,,,,no,,,,,,,,,,,,,,,,,,,,,,,,,,,,,,,,,,,,,,,,,,,,,,,,,,,,,,,,,,,,,,,,
55.6768096,12.5403322,bar,,112313,Hjørnet,,,,no,,,,,,,,,,,,,,,,,,,,,,,,,,,,,outside,,,,,,,,,,,,,,,,,,,,,,,,,,,,,,,,,,,
55.6762611,12.5414017,restaurant,french,916177,Sans Souci,"Mo-Sa 12:00-16:30,17:30-21:30",+45 33217463,http://www.sanssouci.dk/,,,,Sanc Souci/ B & W INVESTMENT ApS,,,no,,,,,,,,,,,,,,,,,,Q63457230,,,,,outside,,,,,no,,,,,,,,,,,21:30-24:00,,,,,,,,,,,,,,,,,,,
55.6664308,12.5204573,restaurant,indian,509917,Punjab,Mo-Th 16:00-22:00; Fr-Su 12:00-22:00,+45 36462500,https://www.punjabrestaurant.dk/,,,,,,,yes,,,,,,,,,,,,,,,,,,,,,,,,,,,,,,,,,,,,,,,,,,,,,,,,,,,,,,,,,,
55.6876177,12.5469304,bar,,,Kølsters Tolv Haner,Mo-Su 15:00-24:00,+45 32209484,,,,,,,,,,,,,,,,,,,,,,,2020-12-13,,,,,,,,,,,,,,,,,,,,,yes,,,,Kølsters Tolv Haner,,,,,,,,,,,,,,,,,,
55.6695262,12.5549211,restaurant,mexican,117538,Senorita,mo-th 12:00-23:00; fr-sa 12:00-02:00,+45 33 24 64 54,https://restaurantsenorita.dk/,,,,,,,,,,,,,,,,,,,,,,,,,,,,,,,,,,,,,,,,,,,,,,,,,,,,,,,,,,,,,,,,,
55.6869918,12.5320044,restaurant,italian,115761,Da Claudio,Mo-Sa 17:00-24:00; Su 17:00-23:00,+45 38872616,https://www.da-claudio.dk/,,,,,,,,,,,,,Mo-Sa 17:00-23:00; Su 17:00-21:00,,,,,,,,,,,,,,,,,,,,,,,,,,,,,,,,,,,,,,,,,,,,,,,,,,,,
55.6803795,12.548417,restaurant,asian,131591,Chai 餐 Wong,Mo-Th 17:00-22:00; Fr-Sa 12:00-22:00; Su 17:00-21:00,+45 27523565,https://www.chaiwong.dk/,,,,,,,,,,,,,,Chai Wong,,,,,,,,,,,Q47012366,,,,,,,,eat@chaiwong.dk,,,,,,,,,,,,,,,,,,,,,,,,,,,,,,,,
55.68304,12.5502164,restaurant,thai,542866,Sikhiu,Mo-Sa 16:00-21:30,+45 32123323,http://www.sikhiu.dk/,,,,,,,,,,,,,,,,,,,,,,,,,,,,,,,,,mac_arreerat@yahoo.com,,,,,,,,,,,,,,,,,,,,,,,,,,,,,,,,
55.6803887,12.5483354,restaurant,,131591,A Roii,Mo-Sa 12:00-22:00; Su 17:00-22:00,+45 27523565,https://aroii.dk/collections/thorvaldsensvej,,,,,,,only,,,,,,,,,,,,,,,,,,,,,,,,,,,,,,,,,,,,,,,,,,,,,,,,,,,,,,,,,,
55.6885295,12.5419871,restaurant,cantonese,507166,Fu Wa,We-Mo 16:00-22:00,+45 38191740,http://www.fuwa.dk/,,,,,,,,,,,,,,,,,,,,,,,,,,,,,,,,,,,,,,,,,,,,,,,,,,,,,,,,,,,,,,,,,
55.6724308,12.549453,restaurant,japanese,112348,Restaurant Tokyo,Mo-Sa 17:00-23:00; Su off,,,no,,,,,,,,,,,,,,,,,,,,,,,,,,,,,,,,,,,,,,,,,,,,,,,,,,,,,,,,,,,,,,,,
55.6884335,12.5379889,restaurant,pizza,520204,Alanya Cafe og Pizza Restaurant,,,,,,,,,,,,,,,,,,,,,,,,,,,,,,,,,,,,,,,,,,,,,,,,,,,,,,,,,,,,,,,,,,,,
55.6794881,12.5338565,restaurant,,761716,Meli's,,,https://www.melis7.dk/,,yes,,,,,,yes,yes,yes,,,,,,,,,,,,,,,,,,,,,,,,,,,,,,,,,,,,,,,,,,,,,,,,,,,,,,,
55.6859501,12.5528263,restaurant,thai,907115,Restaurant Ayuttaya,12:00-23:00,+45 35373868,https://www.ayuttaya.dk/,,,,,,,,,,,,,,,,,,,,,,,,,,,,,,,,,info@ayuttaya.net,,,,,,,,,,,,,,,,,,,,,,,,,,,,,,,,
55.6878253,12.5540103,restaurant,japanese,576596,Ramen To Biíru,Mo-Th 12:00-21:00; Fr-Sa 12:00-24:00; Su 12:00-20:00,+45 50530222,http://mikkeller.dk/location/ramen-to-biiru-2/,,,,,,,,,,,,,,,,,,,,,wlan,,,,,,,,,,,Mikkeler,,,,,,,,,,,,,,,,,,,,,,,,,,,,,,,,,
55.6768048,12.5394373,restaurant,indian;chicken;asian;sushi,966201,Bindia,Mo-Su 16:00-21:00,+45 33318376,https://www.bindia.dk/,yes,,,Bindia II,,,yes,,,,,,,,,,,Gl. Kongevej,,,,,41162597,1026547586,,,"Bindia is a chain of Indian food (Indisk Mad) Take-Aways in Copenhagen for last many years. Amer Sulman is the founder & head chef of Bindia. Here, we cook certified organic Indian food (30-60%) without any additives and preservatives.",,,,,,office@bindia.dk,,yes,,,yes,yes,,,,,,,,,Bindia,yes,yes,yes,Bindia,,,,,,,,,,,,,
55.6665494,12.5217669,restaurant,,566411,Omar Khayam Den Persiske Restaurant,,+45 36454527,http://www.persiske-restaurant.dk/,,,,,,,,,,,,,,,,,,,,,,,,,,,,,,,,,,,,,,,,,,,,,,,,,,,,,,,,,,,,,,,,,
55.6783936,12.5320979,restaurant,,118343,Restaurant Frksbrg,"11:30-15:30,17:00-21:30; Su-Mo 11:30-16:00",+45 3311 0313,http://belisbar.dk/,,,,,,,,,,,,,,,,,,,,,,,,,,,,,,,,,,,,,,,,,,,,,,,,,,,,,,,,,,,,,,,,,
55.6705,12.531252,bar,steak,118558,BAR 23,17:00-23:00; Su 17:00-22:00,+45 33227007,https://www.pilekroen.dk/,,,,,,,,,,,,,,,,,,,,,,,,,,,,,,,,,,,,,,,,,,,,,,,,,,,,,,,,,,,,,,,,,
55.6738208,12.5295951,restaurant,,115394,Josty,,,http://josty.dk/,,,,,,,,,,,,,,,,,,,,,,,,,,,,,,,,,,,,,,,,,,,,,,,,,,,,,,,,,,,,,,,,,
55.666447,12.5513407,restaurant,,965595,Dumpo,,,https://www.dumpo.dk,,,,,https://www.facebook.com/Vinderhjornet,,,,,,,,,,,,,,,,wlan,,41672218,,,,,,,,,,,,,,,,,,,,,,,,,,,,,,bookmaker,,,,,,,,,,,,
55.6809709,12.5332699,restaurant,asian,548529,Wagamama Frederiksberg,11:30-21:00; Fr-Sa 11:30-22:00,,https://www.wagamama.dk/restauranter/frederiksberg,no,,,,,,yes,,,,,,,,,,,,,,,,,,,,,,,,,,,,,,,,,,,,,,,,,,,,,,,,,,,,,,,,,,
55.6807476,12.5537813,restaurant,italian,123696,Restaurant Il Grappolo Blu Divina Patria,18:00-24:00; Su-Mo off,+45 33115720,http://www.ilgrappoloblu.com/,,,,,,,,,,,,,,,fvst:no_pos,,,,,,,,,,,,,,,,,,,,,,,,,,,,,,,,,,,,,,,,,,,,,,,,,,
55.679345,12.554631,restaurant,french,574286,Restaurant Anarki,17:30-24:00; Su-Mo off,+45 22131134,http://restaurant-anarki.dk/anarki/,,yes,yes,,https://www.facebook.com/restaurantanarki/,,,,,yes,,,,,,,,,,,,,,,,,,,,,,,,bib_gourmand,,,,,,,,,,,,,,,,,,,,,,,,,,,,,,,
55.678419,12.554611,bar,,761790,Salon 39,,,,,,,,,,,,,,,,,,,,,,,,,,,,,,,,,,,,,,,,,,,,,,,,,,,,,,,,,,,,,,,,,,,,
55.667618,12.545708,restaurant,italian,532825,Osteria 16,18:00-24:00; fr-sa 18:00-02:00,+45 33216060,http://osteria16.dk/,,yes,yes,,,yes,,,,,,,,,,,,,,,,,,,,,,,,,,,,,,,,,,,,,,,,,,,,,,,,,,,,,,,,,,,
55.6871785,12.5299759,restaurant,italian,109636,Candido,13:00-23:00; Sa 11:00-23:00; Tu off,,,,,,GASTRONOMIA CANDIDO,,,,,,,,,,,,,,,,,,,,,,,,,,,,,,,,,,,,,,,,,,,,,,,,,,,,,,,,,,,,,
55.6858794,12.5366965,restaurant,indian,959744,South Indian,17:00-23:00; Sa-Su 12:00-23:00; Mo off,+45 81919181,https://southindian.dk/,,,,SOUTH INDIAN Chettinad Cuisine,,,yes,,,,,,,,"fvst position missing, fixed from overpassturbo/osak",,,,,,,,,,,,,,,,,,,,,,,,,,,,,,,,,,,,,,,,,,,,,,,,,,
55.6875478,12.5470834,bar,,721138,Tolv Haner,"Fr,Sa 14:00-01:00, Mo-Th 15:00-24:00, Su 14:00-22:00",,,no,,,,,,,,,,,,,,,,,,,,,,,,,,,,,,,,,,,,,,,,,,,,,,,,,,,,,,,,,,,,,,,,
55.6792203,12.5337989,restaurant,italian,112706,San Marco Junior,Mo-Fr 10:00-23:00; Sa 10:00-23:30; Su 10:00-21:30,+45 33 24 95 76,https://www.sanmarcojunior.dk/,no,yes,,,,yes,,yes,yes,yes,,,,,,,,,,,,,,,,,,,,,,,,,,,,,,,,,,,,,,,,,,,,,,,,,,,,,,,
55.6847688,12.5405472,restaurant,italian,645731,Famosi E Golosi,17:00-24:00; Su off,+45 35391891,http://famosiegolosi.dk/,,,,,,yes,,,,,,,,,,,,,,,,,,,,,,,,,,,,,,,,,,,,,,,,,,,,,,,,,,,,,,,,,,,
55.6836466,12.5370129,restaurant,italian,118436,Fabio Vinbar & Restaurant,17:00-22:00; Th-Sa 17:00-24:00,+45 35379977,http://www.restaurantfabio.dk/,,,,,,,,,,,,credit cards not accepted,,Fabio Wine & Cheesebar,,,,,,,,,,,,,,,,,,,,,,,,,,,,,,,,,,,,,,,,,,,,,,,,,,,
55.682539,12.550529,restaurant,sushi,518694,Kato Sushi,11:30-21:30; Sa-Su 14:00-21:30,+45 35350022,http://www.katosushi.dk/,,,,,,,yes,,,,,,,,,,,,,,,,,,,,,,,,,,,,,,,,,,,,,,,,,,,,,,,,,,,,,,,,,,
55.6734812,12.5428116,restaurant,,551049,Karmaman,Mo-Sa 17:00+,+45 26188492,https://karmaman.dk/,yes,,,,,,,,,,,,,,,,,,,,,,,,,,,,,,,,,,,,,,,,,,,,,,,,,,,,,,,,,,,,,,,,
55.671872,12.547525,restaurant,indian,500217,Deep,15:00-23:00,+45-35393838,http://www.deeprestaurant.dk/,no,,,,,,,,,,,,,,,,,,,,,,,,,,,,,,,,,,,,,,,,,,,,,,,,,,,,,,,,,,,,,,,,
55.672282,12.5480869,restaurant,,558110,Al-Diwan,,,http://www.al-diwan.dk/,no,,,Gasoza,,,,,,,,,,,,,,,,,,,,,,,,,,,,,,,,,,,,,,,,,,,,,,,,,,,,,,,,,,,,,
55.6727887,12.551931,restaurant,italian,557897,Ammessi,Su-Th 11:00-22:00; Fr-Sa 11:00-23:00,+45 33 25 83 90,,no,,,,,,,,,,,,,,,,,,,,,,,,,,,,,,,,,,,,,,,,,,,,,,,,,,,,,,,,,,,,,,,,
55.6851242,12.552986,restaurant,asian,528827,CC,14:30-23:00; Fr-Su 13:30-23:00; Mo off,+45 66188888,http://ccrestaurant.dk/,,,,See See,,,,,,,,,,,,,,,,,,,,,,,,,,,,,,,,,,,,,,,,,,,,,,,,,,,,,,,,,,,,,
55.668575,12.5541382,restaurant,japanese,735491,Papa Ramen,Tu-Su 12:00-21:00; Mo off,,,limited,,,,,,,,,,,,,,,,,,,,,,,,,,,,,,,,,,,,,,,,,,,,,,,,,,,,,,,,,,,,,,,,
55.678917,12.533698,restaurant,barbecue,698805,Duniya palace,"10:00-22:00; Sa,Su 12:00-22:00",+45 3321 2000,http://barbequehouse.dk/,no,,,Barbque House,,,,,,,,,,,,,,,,,,,,,,,,,,,,,,,,,,,,,,,,,,,,,,,,,,,,,,,,,,,,,
55.6817367,12.5350587,restaurant,indian,572874,Restaurant India,,+45 35353034,https://www.hungry.dk/frederiksberg-c/restaurant-india,,,,,,,,,,,,,,,,,,,,,,,,,,,,,,,,,,,,,,,,,,,,,,,,,,,,,,,,,,,,,,,,,
55.6846825,12.5408698,restaurant,sushi,652946,Akiba Sushi & Wok,,,,,,,,,,,,,,,,,,,,,,,,,,,,,,,,,,,,,,,,,,,,,,,,,,,,,,,,,,,,,,,,,,,,
55.6783794,12.5549873,bar,,112934,Vodroffslund Ny Bodega,"Mo-We 15:00-24:00, Th 15:00-02:00, Fr 14:00-02:00, Sa 16:00-02:00",,,,,,,,,,,,,,,,,,,,,,,,,,,,,,,,,,,,,,,,,,,,,,,,,,,,,,,,,,,,,,,,,,,
55.6729608,12.5547773,restaurant,tapas,1111471,Lundgren V.I.P,11:30-22:00; fr-sa 11:30-24:00; su 13:00-21:00,+45 60818370,http://lundgren-vip.dk/bagerstraede/,no,,,,,,,,,,,,,Lundgren V.I.P Vin & Tapas,,,,,,,,,42468169,1027262844,,,,,,,,,,,,,,,,,,,,,,,,,,,,,,yes,,,,,,,,,,,
55.679206,12.5258194,restaurant,,562359,Vinbodegaen,17:00-23:00; Th 17:00-24:00; Sa 16:00-24:00; Su-Mo off; Fr 16:00-01:00,+45 70707598,https://www.vinbodegaen.dk/,,,,,,,,,,,,,,,,,,,,,,,,,,,,,,,,,,,,,,,,,,,,,,,,,,,,,,,,,,,,,,,,,
55.6781041,12.534778,restaurant,greek,527317,Deligreco,Tu-Th 11:00-21:00; Fr-Sa 11:00-23:00; Su 17:00-20:00,,https://www.deligreco.dk/,no,,,Deligreco KTB Food,,,,,,,,,,,,,,,,,,,,,,,,,,,,,,,,,,,,,,,,,,,,,,,,,,,,,,,,,,,,,
55.6789481,12.5299118,restaurant,sushi,553754,Sushi2500 Smallegade,,,,no,,,,,,,,,,,,,,,,,,,,,,,,,,,,,,,,,,,,,,,,,,,,,,,,,,,,,,,,,,,,,,,,
55.67167,12.554793,bar,wine,116093,Vinbaren Vesterbro Torv,,+45 21408527,http://vinbarenvesterbrotorv.dk/,no,,,,,,,,,,,,,,,,,,,,,,,,,,,,,,,,,,,,,,,,,,,,,,,,,,,,,,,,,,,,,,,,
55.687061,12.549315,bar,,564445,Kocktails,,,http://kocktails.dk/,,,,,,,,,,,,,,,,,,,,,,,,,,,,,,,,,,,,,,,,,,,,,,,,,,,,,,,,,,,,,,,,,
55.6736103,12.5533725,restaurant,korean;japanese,119818,Miga,"Mo-Sa 12:00-15:00,17:00-23:00",+45 33233667,http://www.miga08.dk/,no,,,Miga Koreansk Japansk Restaurant,,,yes,,,,,,,,,,,,,,,,,,,,,,,,,,,,,,,,,,,,,,,,,,,,,,,,,,,,,,,,,,
55.6841046,12.5249619,restaurant,regional,552308,Mæsk,"Mo-Fr 11:00-20:00; Sa,Su,PH off",+45 27570515,https://www.maesk.dk/,,,,,,,yes,,,,,,,,,,,,,,,,,,,,,,,,,,,,,,,,,,,,,,,,,,,,,,,,,,,,,,,,,,
55.671923,12.545461,bar,,551620,Portvinsbaren,"Th 17:00-23:00; Fr,Sa 17:00-01:00",,http://vinhulen.dk/portvinsbaren.asp,no,,,,,,,,,,,,,,,,,,,,,,,,,,,,,,,,,,,,,,,,,,,,,,,,,,,,,,,,,,,,,,,,
55.6792033,12.5259089,restaurant,,659909,La bonne,,+45 50530959,,,,,,,,,,,,,,,,,,,,,,,,,,,,,,,,,,,,,,,,,,,,,,,,,,,,,,,,,,,,,,,,,,
55.6680075,12.5501836,restaurant,italian,530939,Bevi Bevi,,+45 31672120,https://www.bevibevi.dk/,,,,BeviBevi vinbar,,,,,,,,,,,,,,,,,,,,,,,,,,,,,,,,,,,,,,,,,,,,,,,,,,,,,,,,,,,,,
55.674011,12.53701,bar,,111602,Betty Nansen Teaterbar,,,,,,,,,,,,,,,,,,,,,,,,,,,,,,,,,,,,,,,,,,,,,,,,,,,,,,,,,,,,,,,,,,,,
55.6755107,12.5542313,restaurant,sushi,662651,Nagoya,14:00-22:30; Fr-Sa 12:00-23:00,+45 33212328,https://www.nagoya.dk/,no,,,,,,,,,,,,,,,,,,,,,,,,,,,,,,,,,,,,,,,,,,,,,,,,,,,,,,,,,,,,,,,,
55.6654227,12.5488293,bar,,109917,Boulevarden,,+45 3331 8303,,,,,,,,,,,,,,,,,,,,,,,,,,,,,,,,,,,,,,,,,,,,,,,,,,,,,,,,,,,,,,,,,,
55.6656945,12.5429694,restaurant,ramen,647198,Ramen to Biiru Vesterbro,Mo-Th 12:00-22:00; Fr-Sa 12:00-23:00; Su 12:00-21:00,+45 53607997,http://ramentobiiru.dk/vesterbro/,,,,,,,,,,,,,,,"fvst position missing, fixed from overpassturbo/osak",,,,,,,,,,,,,,,,,,vesterbro@ramentobiiru.dk,,,,,,,,,,,,,,,,,,,,,,,,,,,,,,,,
55.6913826,12.5446425,bar,,123647,Kronborggade 3,Mo-Sa 16:00-22:00,,,,,,,,,,,,,,,,,,,,,,,,,,,,,,,,,,,,,,,,,,,,,,,,,,,,,,,,,,,,,,,,,,,
55.6808974,12.5524022,restaurant,,903708,Forum Restaurant,,,,,,,,,,,,,,,,,,,,,,,,,,,,,,,,,,no,,,,,,,,,,,,,,,,,,,,,,,,,,,,,,,,,,
55.671506,12.5291573,restaurant,,534314,Restaurant Pilen,,+45 53300140,https://www.restaurantpilen.dk/,,,,,,,,,,,,,,,"fvst position missing, fixed from Nominatim",,,,,,,,,,,,,,,,,,,,,,,,,,,,,,,,,,,,,,,,,,,,,,,,,,
55.673264,12.554397,restaurant,,670553,Mangia,,+45 52709429,http://mangia.dk/,no,yes,yes,Mangia.2016,https://www.facebook.com/restaurant.mangia/,yes,,yes,,yes,,,,,,,,,,,,,,,,,,,,,,,,,,,,,,,,,,,,,,,,,,,,,,,,,,,,,,,
55.671211,12.5496708,bar,,958384,Ancestrale,Mo-Th 16:00-23:00; Fr-Sa 16:00-24:00,+4560407414,http://ancestrale.dk,,,,,https://www.facebook.com/Ancestralebar/,,,,,,,,,,fvst:no_pos,,,,,,,,,,,,,,,,,,spis@ancestrale.dk,,,,,,,,,httpd://www.instagram.com/ancestralebra,,,,,,,,,,,,,,,,,,,,,,,
55.6665209,12.55307,bar,,962630,Rbabarrab,,+45 24269291,,,,,,https://www.facebook.com/Rbabarrab,,,,,,,,,,fvst:no_pos,,,,,,,,37613932,,,,,,,,,,,,,,,,,,,,,,,,,,,,,,,,,,,,,,,,,,
55.683099,12.529317,school,,,Frederiksberg Seminarium,,,,,,,Frederiksberg Seminarium Maltes Køkken,,,,,,,,,,,,,,,,,,,,,,,,,,,,,,,,,,,,,,,,,,,,,,,,,,,,,,,,,,,,,
55.6679591,12.5479378,restaurant,greek,697930,Café Patina,,+45 31708028,http://WWW.cafepatina.dk,,,,,https://www.facebook.com/www.cafepatina.dk/,,,,,,,,,,,,,,,,,,,,,,,,,,,,,,,,,,,,,,,,,,,,,,,,,,,,,,,,,,,,
55.68475,12.55307,bar,,574675,Himmerriget,"Mo-Sa 15:00-02:00, Su 15:00-24:00",,http://www.himmeriget.dk/,yes,,,Himmeriget,,,,,,,,,,,,,,,,,,,35859659,1020227016,,,,,,,,,,,,,,,,,,,served,,,,,,,,,,,,,,,,,,,,,,
55.6866636,12.5321631,bar,,634370,Alhambra Pub,,,,,,,,,,,,,,,,,,,,,,,,,2020-12-17,41635223,1026220374,,,,,,,,,,,,,,,,,,,,,,,,,,,,,,,,,,,,,,,,,
55.6717677,12.552406,bar,champagne;cocktails,798024,The reception,,,http://www.thereception.dk/,,,,,,,,,,,,,,,,,,,,,,,,,,,,,,,,,,,,,,,,,,,,,,,,,,,,,,,,,,,,,,,,,
55.684153,12.5429642,bar,,710474,Gensyn,,,,,,,,,,,,,,,,,,,,,,,,,,,,,,,,,,,,,,,,,,,,,,,,,,,,,,,,,,,,,,,,,,,,
55.6776484,12.5334459,restaurant,,736180,Ewalds,,+45 51 32 01 51,https://ewalds-frb.dk/,no,yes,yes,,,,,yes,yes,,,,,,,,,,,,,,,,,,,,,,,,,,,,,,,,,,,,,,,,,,,,,,,,,,,,,,,,
55.6763213,12.5424716,restaurant,steak_house,737406,Mash Frederiksberg,,,,,,,,,,,,,,,,,,,,,,,,,,,,,,,,,,,,,,,,,,,,,,,,,,,,,,,,,,,,,,,,,,,,
55.6676359,12.5475283,restaurant,burger,720329,Sliders,"Mo-Th 17:00-22:00; Fr,Sa 12:00-22:00; Su 12:00-21:00",+4531322620,https://sliders.dk/,yes,yes,yes,,https://www.facebook.com/SlidersVesterbro/,yes,yes,,,,,,,Sliders Enghave Plads,,,,,,,,,,,,,Byens bedste burger - i unikke små variationer,,,,,,,,,,,,,,,,,,,,,,,,,,,,,,,,,,,,,,
55.6877197,12.5470035,restaurant,regional,737701,Blaaregn,We 17:30-22:00; Th-Sa 17:00-22:00; Su-Tu off,+45 42701826,http://www.blaaregn.com/,,,,,,,,,,,,,17:00-22:00; Mo off,,,,,,,,,,,,,,,,,,,,,,,,,,,,,,,,,,,,,,,,,,,,,,,,,,,,
55.66785,12.547969,restaurant,pizza,760192,MaMeMi,,+45 26 25 62 85,https://pizzeriamamemi.dk/,,,,,,,,,,,,,,,,,,,,,,,,,,,,,,,,,,,,,,,,,,,,,,,,,,,,,,,,,,,,,,,,,
55.6679133,12.5502065,bar,cocktails,732307,Bar Una,"We-Th 17:00-01:00, Fr-Sa 17:00-04:00",+45 3133 9037,https://www.baruna.dk/,,,,,,,,,,,,,,,fvst:no_pos,,,,,,,,,,,,,,,,,,,,,,,,,,,,,,,,,,,,,,,,,,,,,,,,,,
55.6886272,12.5546848,bar,,768570,1420,Mo-Su 14:00-00:00,,,,,,,,,,,,,,,,,,,,,,lambic;belgian,,,,,,,,,,,,,,,,,,,,,,,,,,,,,,,,,,,,,,,,,,,,,
55.690773,12.5445454,bar,pub,758303,Skovbar,"Tu-Th 16:00-24:00, Fr-Sa 15:00-24:00",,,,,,,,yes,,,,,,,,,,,,,,,wlan,,,,,,,,,outside,,,skovbaren@gmail.com,,,,,,,no,,,,,,,,,,,,,,,,Skovbar,,,,,,,,,
55.671848,12.552391,bar,,770970,Duck and Cover,Tu-Sa 16:00-22:00,+45 28124290,http://duckandcoverbar.dk/,,,,,,,,,,,,,,,,,,,,,,,,,,,,,,,,,,,,,,,,,,,,,,,,,,,,,,,,,yes,,,,,,,,
55.666804,12.5330623,restaurant,italian,793123,Tramonto,Mo-Fr 12:00-24:00; Sa-Su 13:00-24:00,+4539948478,https://tramonto.dk/,,yes,yes,,https://www.facebook.com/tramontorooftop,,,yes,yes,yes,,,,,"fvst position missing, fixed from overpassturbo/osak",,,,,,,,,,,,,,,,,,info@tramonto.dk,,,,,,,,,https://www.instagram.com/tramontorooftop,,,,,,,,,,,,,,,,yes,6,,,,,,
55.6675528,12.5463423,restaurant,,993953,Tolv,,,,,,,,,,,,,,,,,,,,,,,,,,42373419,1027142261,,,,,,,,,,,,,,,,,,,,,,,,,,,,,,,,,,,,,,,,,
55.6730015,12.5494138,bar,,115093,Postgaarden Bar,"12:00-22:00; Th-Sa 12:00-24:00; Su,PH 12:00-20:00",+45 33312353,http://www.postgaardencafe.dk/,,,,,,,,,,,,,,Cafe Postgaarden,,,,,,,,,28924542,,,,,,,yes,,,,,,,,,,,,,,,,,,,,,,,,,,,,,,,,,,,
55.6704466,12.5407277,restaurant,chinese;asian,909700,Hot Pot Republic,"Su-Th 17:30-22:30, Fr,Sa 17:00-23:00, Sa,Su 12:30-15:30",+4593863888,https://hotpotrepublic.dk/,limited,,,,,yes,,,,,,,,,,,,,,,,,,,,,,,,outside,,,contact@hotpotrepublic.dk,,,,,yes,yes,,,,,,,,,,,,,,,,,,,,,,,,,,
55.6793311,12.5338115,restaurant,,760658,Chuck Bass,,,,,,,,,,,,,,,,,,,,,,,,,,,,,,,,,,,,,,,,,,,,,,,,,,,,,,,,,,,,,,,,,,,,
55.6783076,12.5469372,bar,,796742,Tap 21 Craft Beer,Tu-Th 16:00-23:00; Fr-Sa 16:00-01:00,+45 207 31 207,https://tap21.dk,,yes,,,,yes,,,,,,,,,,,,,,yes;various,wlan,,,,,,"Craft beer bar with 10 taps. Wine, spirits and soft drinks also served.",,,,,,info@tap21.dk,,,,,,,,,,,,,,,,,,,,,,,,,,,yes,yes,,,,
55.6823199,12.5501532,restaurant,nepalese,771130,Nepali Bhancha,Mo-Su 15:00-22:00,+45 35355141,https://nepalibhancha.dk/frederiksberg/,,,,,,,,,,,,,,,,,,,,,,,,,,,,,,,,,,,,,,,,,,,,,,,,,,,,,,,,,,,,,,,,,
55.684145,12.550991,bar,,796846,Gamble,,+45 26220575,http://gamble-cph.dk/,,,,,,,,,,,,,,,"fvst position missing, fixed from overpassturbo/osak",,,,,,,,,,,,,,,,,,,,,,,,,,,,,,,,,,,,,,,,,,,,,,,,,,
55.677412,12.5380491,bar,,,Cork Vinbar,,,http://corkvinbar.dk/,,,,,,,,,,,,,,,,,,,,,,2020-12-15,,,,,,,,,,,,,,,,,,,,,,,,,,,,,,,,,,,,,,,,,,,
55.6720687,12.5204646,restaurant,danish,795022,Folk,,,https://www.restaurantfolk.dk/,,,,,,,,,,,,,,,,,,,,,,,,,,,,,,,,,,,,,,,,,,,,,,,,,,,,,,,,,,,,,,,,,
55.6796805,12.5334343,restaurant,regional,904360,The Grill,,+45 33143535,https://www.scandichotels.dk/hoteller/danmark/kobenhavn/scandic-copenhagen/restaurant-bar,,,,Scandic Falkoner Hovedkøkken,,,,,,,,,,,,,,,,,,,,,,,,,,,,Scandic Hotels,,,,,,,,,,,,,,,,,,,,,,,,,,,,,,,,,
55.679713,12.5334168,restaurant,,904365,Green Room Restaurant & Bar,,,https://greenroom-restaurant.dk/?lang=en,,,,,,,,,,,,,,Scandic Falkoner,,,,,,,,,,,,,,,,,,Scandic Hotels,,,,,,,,,,,,,,,,,,,,,,,,,,,,,,yes,,,
55.6851293,12.5525188,restaurant,ramen,908661,Men-O Ramen,12:00-22:00,,https://menoramen.dk/,,,,,,,,,,,,,,,,,,,,,,,,,,,,,,,,,,,,,,,,,,,,,,,,,,,,,,,,,,,,,,,,,
55.667036,12.554293,restaurant,sushi,910122,Sushi Best,,,,,,,,,,,,,,,,,,,,,,,,,,,,,,,,,,,,,,,,,,,,,,,,,,,,,,,,,,,,,,,,,,,,
55.6816523,12.5492667,restaurant,mexican,,Poco Picante,,+45 32204343,https://pocopicante.com/,,,,,,,,,,,,,,,,,,,,,,2020-12-10,,,,,,,,,,,,,,,,,,,,,,,,,,,,,,,,,,,,,,,,,no,,
55.6748471,12.5489198,restaurant,danish,910239,Restaurant Kongen,"11:00-15:30,18:00+;Su-Mo off",,https://restaurantkongen.dk/,,,,,,,,,,,,,,,,,,,,,,,,,,,,,,,,,,,,,,,,,,,,,,,,,,,,,,,,,,,,,,,,,
55.6754224,12.5463859,restaurant,regional,923840,Restaurant Polly,11:30-24:00; Su off,+45 38424266,https://restaurantpolly.dk/polly/,,,,,,,,,,,,,,,,,,,,,,,,,,,,,,,,,,,,,,,,,,,,,,,,,,,,,,,,,,,,,,,,,
55.675014,12.532789,restaurant,pizza,911689,Frankies Pizza Frederiksberg,,+45 3842 3403,https://frankiespizza.dk/frankies-frederiksberg/,,yes,yes,,,yes,yes,,,,,,,,,,,,,,,,,,,,,,,,,,,,yes,,,,,,,,,,,,,,,,,,,,,,,,,,,,,,
55.6865035,12.5327754,restaurant,,918093,Mad Disken by Mørkeberg & Toft,11:00-21:00,+45 51511373,https://www.maddisken.dk/,,,,,,,,,,,,,,,,,,,,,,,,,,,,,,,,,,,,,,,,,,,,,,,,,,,,,,,,,,,,,,,,,
55.6719062,12.5475635,restaurant,sushi,921880,Kanagawa,"Mo-Th 13:00-22:00; Fr,Sa 12:00-22:00; Su 13:00-22:00",+45 60196268,,,,,,,,,,,,,,,,,,,,,,,,,,,,,,,,,,,,,,,,,,,,,,,,,,,,,,,,,,,,,,,,,,
55.667326,12.533585,restaurant,regional,923380,Carls Øl & Spisehus,"08:00-24:00, Th-Sa 08:00-02:00, Su 08:00-23:00",+45 26331633,https://www.carls.pub/,,,,,,,,,,,,,,,"fvst position missing, fixed from overpassturbo/osak",,,,,,,,,,,,,,,,,,,,,,,,,,,,,,,,,,,,,,,,,,,,,,,,,,
55.6875851,12.5292232,restaurant,italian,927498,Baby Babbo,,,,,,,,,,,,,,,,,,,,,,,,,,,,,,,,,,,,,,,,,,,,,,,,,,,,,,,,,,,,,,,,,,,,
55.6657876,12.5430459,bar,,,Atze Peng,,+45 4241 5446,,,,,,,,,,,,,,,,,,,,,,,,,,,,,,,,no,,,,,,,,,,,,,,,,,,,,,,,,,,,,,,,,,,
55.6640976,12.5372896,school,,,Københavns Professions Højskole,,,,,,,,,,,,,,,,,,,,,,,,,,,,,,,,,,,,,,,,,,,,,,,,,,,,,,,,,,,,,,,,,,,,
55.6702078,12.5371716,bar,,786580,Hos Robert,Mo-Sa 13:00-22:00,+45 33315139,,,,,,,,,,,,,,,Cafe Robert,,,,,,,,,40093052,,,,,,,yes,,,,,,,,,,,,,,,,,,,,,,,,,,,,,,,,,,,
55.6736365,12.5408462,restaurant,,934305,Heat Japanese Grill Frederiksberg,,,,,,,,,,,,,,,,,,,,,,,,,,,,,,,,,,,,,,,,,,yes,,,,,,,,,,,,,,,,,,,,,,,,,,
55.6823112,12.5349285,bar,,560250,Vinstuen 29,,,,,,,,,,,,,,,,,,,,,,,,,,,,,,,,,,,,,,,,,,,,,,,,,,,,,,,,,,,,,,,,,,,,
55.6673373,12.5359176,restaurant,seafood,945202,Hooked,12:00-22:00,+45 69161816,https://gethooked.dk/restaurant-carlsberg-byen-valby/,,yes,yes,,,,,,,,,,12:00-21:00,,"fvst position missing, fixed from overpassturbo/osak",,,Carlsberg byen,,,,2020-12-15,,,,,,,,,no,,,,,,,,,,,,,,,,,,,,,,,,,,,,,,,,,,
55.6705613,12.5364229,bar,,788656,Floyds,,+45 53570699,http://floyds.dk/,,,,,,,,,,,,,,,,,,,,,,,,,,,,,,,,,,,,,,,,,,,,,,,,,,,,,,,,,,,,,,,,,
55.678948,12.547833,restaurant,smørrebrød,936824,Frokostrestauranten 1971,11:00-17:00; Mo off,+45 53531971,https://www.1971frokost.dk/,,,,,,,,,,,,,,,"fvst position missing, fixed from overpassturbo/osak",,,,,,,,,,,,,,,,,,,,,,,,,,,,,,,,,,,,,,,,,,,,,,,,,,
55.6721382,12.5546295,restaurant,,935538,Bistro 1620,11:30-24:00;Sa 10:00-24:00; Su 10:00-20:00,+45 70161620,https://bistro1620.dk/,,,,,,,,,,,,,,,"fvst position missing, fixed from overpassturbo/osak",,,,,,,,,,,,,,,,,,,,,,,,,,,,,,,,,,,,,,,,,,,,,,,,,,
55.6750672,12.5469028,restaurant,italian,925463,Zio & Nonna,,+45 39119000,http://ziononna.dk/,,,,,,,,,,,,,,,,,,,,,,,,,,,,,,,,,,,,,,,,,,,,,,,,,,,,,,,,,,,,,,,,,
55.6939222,12.5424684,restaurant,pizza,549060,Neighborhood,Mo-Th 16:00-22:00; Fr 17:00-01:00; Sa 12:00-01:00; Su 12:00-22:00,+45 69806860,http://www.neighbourhood.dk,,,,,,,,,,,,,"Mo-Th 17:00-21:30; Fr 17:00-22:00; Sa 12:00-16:00,17:00-22:00; Su 12:00-16:00,17:00-21:00",,,,,,,,wlan,,,,,,,,,,,,,,,,,,,customers,,,,,,,,,,,,,,,,,,,,,,,,,
55.6872816,12.547796,restaurant,,,Baka d'Busk,18:00-24:00; Mo-Tu off,+45 31522217,https://bakabistro.dk/,,,,,,,,,,required,,,,,,,,,,,,,,,,,,,,,no,,baka@bakabistro.dk,,,,,yes,yes,,,,,,,,,,,,,,,,,,,,,,,,,,
55.672726,12.553059,restaurant,breakfast;sandwich,947164,Bjørns,"07:00-11:30,12:00-16:00,17:00-24:00; Sa 09:00-16:00,17:00-24:00; Su 09:30-16:00",+45 38423412,https://madklubben.dk/restauranter/bjoerns-koebenhavn/,,,,Bjørn,,,,,,,,,,,"fvst position missing, fixed from overpassturbo/osak",,,,,,,,,,,,,,,,,,,,,,,,,,,,,,,,,,,,,,,,,,,,,,,,,,
55.686257,12.550733,restaurant,,950916,Stefanos La Fabrica,"Mo-Fr 10:00-22:00; Sa,Su 09:00-22:00",+45 41800016,,limited,,,,,,,,,,,,,,"fvst position missing, fixed from overpassturbo/osak",,,,,,,,,,,,,,,,,,,,,,,,no,,,,,,,,,,,,,,,,,,,,,,,,,,
55.6846215,12.5375623,restaurant,italian,951586,Ristorante Nabucco,,+45 38 88 78 88,https://nabucco.dk/,,,,,,,,,,,,,,,"fvst position missing, fixed from overpassturbo/osak",,,,,,,,,,,,,,,,,,,,,,,,,,,,,,,,,,,,,,,,,,,,,,,,,,
55.6713138,12.5460591,restaurant,italian,957260,Ciao Italian Quality Food,Mo-Su 11:00-21:00,+45 52166921,,,,,,,,,,,,,,,,"fvst position missing, fixed from overpassturbo/osak",,,,,,,,,,,,,,,,,,,,,,,,,,,,,,,,,,,,,,,,,,,,,,,,,,
55.675047,12.521294,restaurant,,953965,Fasangården,,+45 28444351,https://www.fasangaardenfrb.dk/,,,,,,,,,,,,,,,"fvst position missing, fixed from overpassturbo/osak",,,,,,,,26631521,,,,,,,,,Meyers Contract Catering A/S,,,,,,,,,,,,,,,,,,,,,,,,,,,,,,,,,
55.6678674,12.5321593,restaurant,japanese;ramen,1011356,Kōnā,"17:00-23:00; Fr-Su 12:00-15:00,17:00 - 24:00; Mo off",,https://behind-the-elephants.com/,,,,Flat bowls,,,,,,,,,,,,,,,,,,,41156236,1025549240,,,,,,no,no,,,,,,,,,,,,,,,,,,,,,,,,,,,,,,,,,,
55.6773585,12.5380853,bar,,573704,Cork Vinbar,,,http://corkvinbar.dk/,,,,,,,,,,,,,,,,,,,,,,,37082309,,,,,,,,,,,,,,,,,,,,,,,,,,,,,,,,,,,,,,,,,,
55.670728,12.543986,bar,,953527,Jojo,16:00-22:00; Th 16:00-23:00; Fr-Sa 15:00 - 24:00; Su-Tu off,,https://jojovesterbro.dk/,limited,,,JOJO PROJECTS,,,,,,,,,,,"fvst position missing, fixed from overpassturbo/osak",,,,,,,,40652078,,,,,,,,,,,,,,,,,,,,,,,,,,,,,,,,,,,,,,,,,,
55.6694781,12.5451643,bar,,930599,Bar 1103,,,,,,,,,,,,,,,,,,,,,,,,,,39446510,,,,,,,,,,,,,,,,,,,,,,,,,,,,,,,,,,,,,,,,,,
55.6783113,12.5324887,bar,,762650,Belis bar udebaren,,,,,,,,,,,,,,,,,,,,,,,,,,30576241,,,,,,,,,,,,,,,,,,,,,,,,,,,,,,,,,,,,,,,,,summer,
55.679536,12.521293,bar,,968170,Guldfasanen,,,,,,,,,,,,,,,,,,fvst:no_pos,,,,,,,,41676876,,,,,,,,,,,,,,,,,,,,,,,,,,,,,,,,,,,,,,,,,,
55.665587,12.543472,bar,,912627,Bennis Bar,,,,,,,,,yes,,,,,,,,,,,,,,,,,38562762,,,,,,,yes,,,,,,,,,,,,,,,,,,,,,,,,,,,,,,,,,,,
55.6721242,12.5253878,bar,,111265,Kadetkælderen,,,,,,,,,,,,,,,,,,,,,,,,,,13019347,,,,,,,,,,,,,,,,,,,,,,,,,,,,,,,,,,,,,,,,,,private
55.679455,12.529418,bar,,781946,Cafe Domhuset,"12:00-02:00, Su 12:00-23:00",+45 38348278,https://www.cafedomhuset.dk/,,,,,,,,,,,,,,,,,,,,,,,17721437,,,,,,,yes,,,,,,,,,,,,,,,,,,,,,,,,,,,,,,,,,,,
55.6699974,12.5458976,bar,,788669,Brass Monkey,"Th 20:00-01:00,Fr-Sa 20:00-04:00",,https://www.brassmonkey.dk/koebenhavn/,,,,,,,,,,,,,,,,,,,,,,,38115669,,,,,,,,,,,,,,,,,,,,,,,,,,,,,,,,,,,,,,,,,,
55.687938,12.554122,bar,,516858,Trabi Bar,,,,,,,,,,,,,,,,,,,,,,,,,,34623287,1017835358,,,,,,,,,,,,,,,,,,,,,,,,,,,,,,,,,,,,,,,,,
55.6711275,12.5433807,bar,,,Vaest,,,https://www.vaest.dk/,,,,,,,,,,,,,,,,,,,,,,2020-12-15,,,,,,,,,no,,,,,,,,,,,,,,,,,,,,,,,,,,,,,,,,,,
55.6871892,12.5404647,bar,,558279,Frb Ølbar,"14:00-01:00, We-Sa 14:00-02:00, Su 13:00-23:00",,,,,,,,,,,,,,,,,,,,,,,,,35519270,1018843702,,,,,,,,,,,,,,,,,,,,,,,,,,,,,,,,,,,,,,,,,
55.6862958,12.5400653,bar,,906091,Café Francke,,+45 35364052,,,,,,,,,,,,,,,,,,,,,,,,38192183,1021936002,,,,,,,,,,,,,,,,,,,,,,,,,,,,,,,,,,,,,,,,,
55.680757,12.522294,bar,,768256,Solbakken Bar,,,,,,,,,,,,,,,,,,,,,,,,,,39574217,1023621734,,,,,,yes,,,,,,,,,,,,,,,,,,,,,,,,,,,,,,,,,,,
55.6690236,12.552327,bar,,122957,Simpelt V,"18:00-02:00,We 18:00-03:00,Fr-Sa 15:00-05:00, Su 17:00-02:00",,https://simpeltv.dk/,,,,,,,,,,,,,,,,,,,,,,,33050860,1016274719,,,,,,,,,,,,,,,,,,,,,,,,,,,,,,,,,,,,,,,,,
55.6790425,12.539364,bar,,113050,A-vej,,,,,,,A.V.F. - RÅD Studenter Forening,,,,,,,,,,,,,,,,,,,16275441,1001070509,,,,,,,,,,,,,,,,,,,,,,,,,,,,,,,,,,,,,,,,,
55.681637,12.53076,bar,,110827,Café Nexus,,,https://www.cbsstudents.dk/cafe-nexus,,,,,,,,,,,,,,,,,,,,,,,10020867,1007443257,,,,,,,,,,,,,,,,,,,,,,,,,,,,,,,,,,,,,,,,,private
55.672528,12.554985,restaurant,vietnamese,951745,Brasserie Saigon,08:00-22:00; Sa-Su 09:00-22:00,+45 31170077,https://sai-gon.dk/,,,,,,,,,,,,,,,"fvst position missing, fixed from overpassturbo/osak",,,,,,,,41483199,1025989739,,,,,,,,,,,,,,,,,,,,,,,,,,,,,,,,,,,,,,,,,
55.678045,12.55441,restaurant,,958356,Salon 39 Vinbar,"16:00-24:00, Fr-Sa 16:00-02:00, Su-Mo off",+45 31391139,http://www.salon39.dk/,,,,,,,,,,,,,,,"fvst position missing, fixed from overpassturbo/osak",,,,,,,,41559608,1026087631,,,,,,,,,,,,,,,,,,,,,,,,,,,,,,,,,,,,,,,,,
55.677633,12.536886,bar,,933189,Creative Space,,,,,,,,,,,,,,,,,,"fvst position missing, fixed from overpassturbo/osak",,,,,,,,39187280,1023170198,,,,,,,,,,,,,,,,,,,,,,,,,,,,,,,,,,,,,,,,,
55.664071,12.545413,bar,,945363,Vores Vinbar,16:30-22:00; Sa 14:30-22:00; Su-We off,+45 40563434,https://voresvinbar.dk/,,,,,,,,,,,,,,,"fvst position missing, fixed from overpassturbo/osak",,,,,,,,41419636,1025908631,,,,,,,,,,,,,,,,,,,,,,,,,,,,,,,,,,,,,,,,,
55.6726558,12.5537422,restaurant,vietnamese,960674,District Tonkin,,+45 31183311,,,,,District Tonkin Group,,,,,,,,,,,"fvst position missing, fixed from overpassturbo/osak",,,,,,,,41413395,1025964515,,,,,,,,,,,,,,,,,,,,,,,,,,,,,,,,,,,,,,,,,
55.683541,12.53687,restaurant,italian,957500,Restaurant Fabio,17:00-22:00; Th-Sa 17:00-23:00,+45 35379977,https://www.restaurantfabio.dk/,,,,,,,,,,,,,,,"fvst position missing, fixed from overpassturbo/osak",,,,,,,,41570709,1026102681,,,,,,,,,,,,,,,,,,,,,,,,,,,,,,,,,,,,,,,,,
55.672135,12.5203491,bar,,952045,Café Del Mundo (udebar),,,,,,,,,,,,,,,,,,"fvst position missing, fixed from overpassturbo/osak",,,,,,,,30553225,1026123352,,,,,,,,,,,,,,,,,,,,,,,,,,,,,,,,,,,,,,,,,
55.6933556,12.5474989,bar,,,Liquid,,,,,,,,,,,,,,,,,,,,,,,,,,,,,,,,,,,,,,,,,,,,,,,,,,,,,,,,,,,,,,,,,,,,
55.6932511,12.5434247,restaurant,seafood,118804,Silberbauers Bistro,,+45 36966593,,,,,,,,,,,,,,,,,,,,,,,,32669182,1017600199,,,,,,,,,,,,,,,,,,,,,,,,,,,,,,,,,,,,,,,,,
55.6848825,12.5400231,restaurant,chinese,,Nan Yuan,,,,,,,,,,,,,,,,,,,,,,,,,,,,,,,,,,,,,,,,,,,,,,,,,,,,,,,,,,,,,,,,,,,,
55.6891376,12.5454588,school,,761151,Det frie Gymnasium,,,,,,,,,,,,,,,,,,,,,,,,,,29344310,1001644838,,,,,,,,,,,,,,,,,,,,,,,,,,,,,,,,,,,,,,,,,
55.6690654,12.5533155,bar,,951819,Malbeck vinbar,,,,,,,,,,,,,,,,,,,,,,,,,,41086564,1025455920,,,,,,,,,,,,,,,,,,,,,,,,,,,,,,yes,,,,,,,,,,,
55.6713509,12.5540875,bar,,551577,Kanon Bar,,,,,,,,,,,,,,,,,,,,,,,,,,35741763,1019254158,,,,,,,,,,,,,,,,,,,,,,,,,,,,,,,,,,,,,,,,,
55.6726717,12.5534758,restaurant,mexican,982358,Mæxico Vesterbrogade,11:30-22:30; Fr-Sa 11:30-24:00; Su 11:30-21:30,,https://maexico.com/,,,,,,,,,,,,,,,,,,,,,,,42011843,1026668308,,,,,,,,,,,,,,,,,,,,,,,,,,,,,,,,,,,,,,,,,
